Plot,Date,ALHU,AMRO,ANHU,BEWR,BGGN,BHGR,BLPH,BRCR,BTPI,BUOR,BUSH,CALT,CASJ,CBCH,CEDW,CORA,DEJU,DOWO,FOSP,GCKI,GCSP,GHOW,HAWO,HETH,HEWA,HOFI,HOOR,HOWR,HUVI,LAZB,LEGO,MODO,NOFL,NUWO,NWWA,OCWA,OSFL,PAWR,PISI,PUFI,PYNU,RBGR,RBNU,RCKI,ROPI,RSHA,RTHA,RU/ALHU,SOSP,SPTO,SSHA,STJA,SWTH,TOWA,UNKW,VATH,WAVI,WCSP,WEFL,WETA,WIWA,WOOD,WWPE,YEWA,YRWA,ZONO
1. Edgewood,1/7/2024,,,2,,,,,,,,,,,,,,,,,,,,,,,,,,,,,,,,,,,,,,2,,,,,,1,,2,,,,,2,,,,,,,,,,,,
1. Edgewood,01/21/2024,,,2,,,,,,,,,,,1,,,,,,,,,,,,,,,,,,,,1,,,,1,,,1,,,2,,1,,,2,,,,,1,,,,,,,,,,,,
1. Edgewood,2/5/2024,,,1,,,,1,1,,,,,,1,,,1,,,,,,,,,,,,,,,,,,,,,1,,,1,,,1,,,,,3,,,1,,,,,,,,,,,,,,
1. Edgewood,02/18/2024,1,3,2,,,,,,,,,,,,1,,1,1,,,,,1,1,,1,,,,,,,,,,1,,1,,,1,,,2,,,,,3,,,1,,1,,,,,,,,,,,,
1. Edgewood,03/04/2024,1,4,2,,,,,1,,,,,,,,,2,1,,,,,,,,1,,,,,,,,,,,,,,,1,,,1,,,,,2,,,1,,,,,,,,,,,,,,
1. Edgewood,03/18/2024,2,13,,,,,,,8,,,,,,1,,1,,,,,,,,,1,,,,,,,,1,,,,1,,,,,,,,,,,1,,,2,,3,,2,,,,,2,,,,,
1. Edgewood,4/7/2024,2,1,1,,,,,,,,,,,1,,,1,,,,,,,,,2,,,,,,,,,,1,,1,,,,,,,,,,,2,,,2,,4,,,,1,,,1,,,,,
1. Edgewood,04/21/2024,1,3,1,,,,,1,,,,1,1,1,,,2,1,,,,,,,,1,,,,,,,,,,1,,,,,1,,,,,,,,2,,,,,,,,,,,,4,,,,,
1. Edgewood,5/8/2024,2,1,3,,,,,1,,,,,,1,2,,1,,,,,,,,,1,,,,,1,,,,,,,,,,,,,,,,,,2,,,,,,,,,,,,2,,,,,
1. Edgewood,5/19/2024,1,1,1,,,,,,2,,,,,,20,,2,,,,,,,,,2,,,,,,,,1,,2,1,,,,,,,,,,,,2,,,,1,,,,,,,,2,,,,,
1. Edgewood,06/06/2024,2,3,2,,,,,,16,,,,,1,,2,2,,,,,,,,,4,,,,,,,,,,1,,,,,3,,,,,,,,7,,,,1,,,,,1,,,1,,,,,
1. Edgewood,06/19/2024,2,4,,,,,,,,,,1,,,,1,,1,,,,,1,,,3,,,,,,,,1,,,1,,,,2,,,,,,,,3,,,2,1,,,,,1,1,,1,,,,,
1. Edgewood,07/08/2024,2,3,1,,,,,,,,,,,1,,,1,1,,,,,,,,3,,1,,,,,,1,,,2,,,,1,,,,,,,,,,,1,2,,,,,,,,1,,,,,
1. Edgewood,07/28/2024,,4,2,,,,,,5,,,,,1,,2,,1,,,,,,,,16,,,,,,,,1,,,1,1,,,1,1,,,,,,1,1,,,1,,,,,,,,,2,,,,,
1. Edgewood,08/01/2024,,3,,,,1,,,,,,,,,,,1,1,,,,,,,,3,1,1,,,,,,1,,,3,,,,,1,,,,,,2,2,,,1,,,,,,,,,1,,,,,
1. Edgewood,08/25/2024,,2,1,,,,,,,,,,,1,,,1,1,,,,,,,,1,,,,,,,,1,,,,1,,,1,,,,,,,,2,,,,,,,,,,,,2,,,,,
1. Edgewood,09/01/2024,,,2,,,1,,,,,,,,3,,,,,,,,,,,,1,,1,,,,,,1,1,,,2,,,,,,,,1,,1,1,,,,,,,,,,2,,1,,,,,
1. Edgewood,09/22/2024,,1,1,,,,,,,,,,,,,,2,,1,,,,,,,1,,1,,,,,,1,,,,1,,,2,,,,,,,,2,,,1,,,,,,,,,,,,,,
1. Edgewood,10/6/2024,,,2,,,,,,,,,,1,1,,1,1,2,1,,,,,1,,3,,,,,,,,,,,,,,1,,,,1,,,,,2,,,1,,1,,,,,,,,,,,3,
1. Edgewood,10/20/2024,,,1,,,,,,,,,,,1,,,,1,1,,,,1,1,,2,,,,,,,,1,,,,2,,1,2,,,1,,,,,1,,,1,,1,,2,,,,,,,,,3,
1. Edgewood,11/3/2024,,,1,,,,,,,,,,,,,,,,,,,,,1,,,,,,,,,,,,,,,,,2,,,1,,,,,1,,,,,1,,,,,,,,,,,,
1. Edgewood,11/14/2024,,,1,,,,,,,,,,,2,,,2,,2,,,,,,,,,1,,,,,,,,,,,,,1,,,1,,,,,2,,,,,1,,1,,,,,,,,,,
1. Edgewood,12/1/2024,,1,2,,,,,,,,,,1,1,,,1,,1,,,,,,,1,,,,,,,,,,,,1,,,1,,,2,,,,,1,,,2,,,,,,,,,,,,,2,
1. Edgewood,12/8/2024,,1,2,,,,,,,,,1,1,1,,,,2,2,,,,,1,,1,,,,,,,,1,,,,1,,,1,,,2,,,,,2,,,,,,,,,,,,,,,,,
10. Historic III,1/7/2024,,,1,,,,,,,,,,,1,,,,,1,,,,,1,,,,,,,,,,,,,,,,,1,,,1,,,,,1,,,,,2,,,,,,,,,,,,
10. Historic III,01/21/2024,,,2,,,,,,,,,,,2,,,,,,,,,,3,,,,,,,,,1,,,,,3,,,,,,1,,,,,3,,,,,1,,,,,,,,,,,,
10. Historic III,2/5/2024,,,2,,,,1,,,,,,,,,,,,2,,,,,,,,,,,,,,,,,,,2,,,,,,,,,1,,2,,,,,,,,,,,,,,,,,
10. Historic III,02/18/2024,,,1,,,,,,,,,,,,,,3,,1,,,,,,,,,,,,,,,,,,,2,,,,,,1,,,,,2,,,,,,,,,,,,,,,,,
10. Historic III,03/04/2024,1,2,1,,,,,,,,,,,1,,,2,,1,,,,,1,,,,,,,,,1,,,,,2,,,1,,,1,,,,,2,,,,,,,,,,,,,,,,,
10. Historic III,03/18/2024,,10,1,,,,,,,,,,,,3,,2,,2,,,,,,,,,,,,,,,,,,,2,,,,,,1,,,,,1,,,3,,1,,1,,,,,,,,,,
10. Historic III,4/7/2024,1,1,1,,,,,,,,,,,,,,1,,,,,,,,,1,,,,,,,,,,,,2,,,1,,,,,,,,2,,,,,,,2,,1,,,2,,,,,
10. Historic III,04/21/2024,1,1,1,,,,,,,,,,,2,,,1,,,,,,,1,,1,,,,,,,,,,,,2,,,,,,,,,1,,,,,1,,,,,,,,,1,,,,,
10. Historic III,5/8/2024,1,1,1,,,,,,,,,,,1,,,,,,,,,,,,2,,,,,,,,,,,,1,,,,,,,,,,,2,,,1,1,,,,,,,,2,,,,,
10. Historic III,5/19/2024,1,1,,,,,,,,,,,,2,8,2,1,,,,,,,,,3,,,,,,,,,,1,,1,,,,,,,,,,,2,,,,,,,,,,,,2,,,,,
10. Historic III,06/06/2024,,1,,,,,,,,,,,,,,,,1,,,,,,,,1,,,,,,,,,,,,,,,,,,,,,,,3,,,,,,,,,,,,2,,,,,
10. Historic III,06/19/2024,,2,1,,,,,,2,,,,,,,,,,,,,,,,,2,,,,,,,,,,,,1,,,,,,,,,,,2,,,,,,,,,,,,3,,,,,
10. Historic III,07/08/2024,,1,,,,,,,,,,,,,,,1,,,,,,,,,1,,,1,,1,,,,,,,1,,,1,,,,,,,,2,,,,,,,,,,,,2,,,,,
10. Historic III,07/28/2024,,1,2,,,,,,,,,,,2,,,,,,,,,1,,,5,,,,,1,,,,,,,,,,,,,,,,,,,,,,,,,,,,,,,,,,,
10. Historic III,08/01/2024,,,,,,,,,,,,,,,,,1,,,,,,,,,3,,,,,,,,,,,,1,,,,,,,,,,,,,,,,,,,,,,,,,,,,
10. Historic III,08/25/2024,,5,2,,,,,,,,,,,,,,2,,,,,,,,,1,,,,,,,,,,,,2,,,,,,,,,,,2,,,,,,,,,,,,,,,1,,
10. Historic III,09/01/2024,,1,,,,,,,,,,,,,,,,,,,,,,,,,,,,,,,,,,,,1,,,5,,,,,,,,,,,,,,,,,,,,,,,,,
10. Historic III,09/22/2024,,3,1,,,,,,,,,,,2,,,,,1,,,,,,,,,,,,,,,,,,,2,,,1,,,,,,,,2,,,,,,,,,,2,,,,,,,
10. Historic III,10/6/2024,,,,,,,,,,,,,,2,,,1,,2,,,,,,,,,,,,1,,,,,,,2,,,2,,,,,,,,2,,,1,,1,,,,,,,,,,,,
10. Historic III,10/20/2024,,,1,,,,,,,,,,2,1,,,,1,3,,,,,3,,1,,,,,,,1,,,,,2,,,3,,,1,,,,,1,,,,,2,,2,,,,,,,,,3,
10. Historic III,11/3/2024,,1,1,,,,,,,,,,,,,,,,4,,,,,1,,,,,,,,,1,,,,,,,,,,,2,,,,,,,,,,,,,,,,,,,,,1,
10. Historic III,11/14/2024,,4,3,,,,,,,,,,,1,,,,1,1,,,,,2,,,,,,,,,1,,,,,2,,1,1,,,2,,,,,,,,,,1,,,,,,,,,,,2,
10. Historic III,12/1/2024,,1,2,,,,,,,,,,,,,,,,2,,,,,1,,,,,,,,,,,,,,1,,,2,,,2,,,,,1,,,,,,,,,,,,,,,,,
10. Historic III,12/8/2024,,1,2,,,,,,,,,,1,1,,,1,,3,,,,,2,,1,,,,,,,,,,,,2,,,,,,4,,,,,2,,,2,,1,,,,,,,,,,,,
11. Historic IV,1/7/2024,,,1,,,,,,,,,,,,,,,,,,,,,,,,,,,,,,,,,,,1,,,,,,,,,,,1,,,,,1,,,,,,,,,,,,
11. Historic IV,01/21/2024,,,2,,,,,,,,,,,1,,,,,,,,,,,,,,,,,,,,,,,,1,,,2,,,,,,,,1,,,,,1,,,,,,,,,,,,
11. Historic IV,2/5/2024,,,2,,,,,,,,,,,1,,,1,,,,,,,,,,,,,,,,1,,,,,2,,,1,,,1,,,,,2,,,,,,,,,,,,,,,,,
11. Historic IV,02/18/2024,,,2,,,,,,,,,,,2,,,2,,,,,,,,,,,,,,,,,,,,,2,,,,,,2,,,,,,,,,,1,,,,,,,,,,,,
11. Historic IV,03/04/2024,1,,1,,,,,,,,,,,1,,,2,,,,,,,,,,,,,,,,,,,,,1,,,1,,,4,,,,,1,,,,,1,,,,,,,,,,,,
11. Historic IV,03/18/2024,,1,1,,,,,,1,,,,,1,,,1,1,,,,,,,,,,,,,,,,1,,,,2,,,2,,,1,,,,,2,,,,,1,,,,,,,,,,,,
11. Historic IV,4/7/2024,1,1,4,,,,,,,,,,,,,,,1,,,,,,,,1,,,,,,,,,,,,1,,,2,,,,,,,,2,,,,,,,,,,,,3,,,,,
11. Historic IV,04/21/2024,1,1,2,,,,,,,,2,,,2,,,1,,,,,,,,,1,,,,,,,,,,,,1,,,2,,,,,,,,2,,,,,,,,,,,,2,,,,,
11. Historic IV,5/8/2024,,,1,,,,,,,,,,,1,3,,,,,,,,,,,1,,,,,,,,,,,,,,,,,,,,,,,1,,,1,,,,,,,,,2,,,,,
11. Historic IV,5/19/2024,1,1,2,,,1,,,,,,1,,,10,,1,,,,,,2,,,1,,,,,,,,,,,,2,,,,,,,,,,,,,,,,,,,,,,,1,,,,,
11. Historic IV,06/06/2024,,1,,,,,,,,,,,,,,,,,,,,,1,,,,,,,,,,,,,,,1,,,,,,,,,,,,,,1,,,,,,,,,,,,,,
11. Historic IV,06/19/2024,1,2,1,,,,,,,,,,,1,,,2,,,,,,,,,3,,,,,,,,,,,,,,,1,,,,,,,,3,,,,,,,,,,,,1,,,,,
11. Historic IV,07/08/2024,,3,,,,,,,,,,,,1,,,3,,,,,,,,,1,,,,,,,,,,,,,,,1,,,,,,,,2,,,,,,,,,,,,,,,,,
11. Historic IV,07/28/2024,,3,1,,,,,,,,,,,,,,,,,,,,,,,3,,,,,,,,,,,,1,,,2,,,,,,,1,4,,,1,,,,,,,,,,,,,,
11. Historic IV,08/01/2024,,,,,,,,,,,,,,1,,,,,,,,,,,,1,,,,,,,,,,,,,,,2,,,,,,,,1,,,,,,,,,,,,,,,,,
11. Historic IV,08/25/2024,,,2,,,,,,,,,,,3,,1,1,1,,,,,,,,,,,,,,,,1,,,,1,,,2,,,,,,,,2,,,1,,1,,,,,,1,,,,,,
11. Historic IV,09/01/2024,,,1,,,,,,,,,,,,,,1,1,,,,,,,,,,,,,,,,,,,,1,,,1,,,,,,,,1,,,1,,,,,,,1,,1,,,,,
11. Historic IV,09/22/2024,,,,,,,,,,,,,,,,,2,,1,,,,,,,2,,,,,,,,,,,,2,,,2,,,,,,,,3,,,,,1,,,,,1,,,,,,,
11. Historic IV,10/6/2024,,,,,,,,,,,,,,,,,1,1,,,,,,1,,,,,,,,,,,,,,,,,2,,,,,,,,2,,,1,,,,,,,,,,,,,,
11. Historic IV,10/20/2024,,,1,,,,,,,,,,,1,,,,,,,,,1,,,,,,,,,,2,,,,,1,,,2,,,,,,1,,1,,,2,,1,,,,,,,,,,,,
11. Historic IV,11/3/2024,,,,,,,,,,,,,,,,,,,1,,,,,,,,,,,,,,,,,,,,,,1,,,,,,,,1,,,,,,,,,,,,,,,,,
11. Historic IV,11/14/2024,,,1,,,,,,,,,,,2,,,1,1,1,,,,,,,,,,,,,,,,,,,2,,,1,,,3,,,,,2,,,1,,,,,,,,,,,,,,
11. Historic IV,12/1/2024,,,,,,,,,,,,,,1,,,,,,,,,,,,,,,,,,,,,,,,,,,1,,,1,,,,,1,,,,,,,,,,,,,,,,,
11. Historic IV,12/8/2024,,3,1,,,,,,,,,,,,,1,1,,1,,,,,,,,,,,,,,,,,,,2,,,2,,,1,,,,,1,,,1,,,,,,,,,,,,,2,
12. North Ridge,1/7/2024,,,2,,,,1,2,,,,,,3,,,1,2,1,,,,,1,,,,,,,,,,,,,,1,,,6,,,,,,,,2,,,,,1,,,,,,,,,,,,
12. North Ridge,01/21/2024,,,2,,,,,,,,,,,1,,,,1,,,,,,,,,,,,,,,,,,,,1,,,,,,,,,,,3,,,,,,,,,,,,,,,,,
12. North Ridge,2/5/2024,,,2,,,,,,,,,,,,,,,,,,,,,,,,,,,,,,,,,1,,1,,,,,,1,,,,,1,,,,,,,,,,,,,,,,,
12. North Ridge,02/18/2024,,4,2,,,,,1,,,,,,,,,2,1,,,,,,,,2,,,,,,,,,,,,2,,,2,,,,,,,,1,,,,,,,,,,,,,,,,,
12. North Ridge,03/04/2024,2,,2,,,,,,,,,,,,,,1,,,,,,,,,,,,,,,,,,,,,1,,,1,,,,,,,,2,,,1,,,,,,,,,,,,,,
12. North Ridge,03/18/2024,1,1,1,,,,,,,,,,,,,,1,,,,,,,,,1,,,,,,,,,,,,,,,,,,,,,,,2,,,,,,,,,,,,,,,,,
12. North Ridge,4/7/2024,1,1,3,,,,,,,,,,,,,,2,,,,,,,1,,2,,,,,,,,,,1,,2,,,,,1,,,,,,2,,,,,1,,,,,,,1,,,,1,
12. North Ridge,04/21/2024,1,1,2,,,,,,,,,,1,,,,2,,,,,,1,,,2,,,,,1,,,,,,,1,,,,,,,,,,,2,,,,,,,,,,,,1,,,,,
12. North Ridge,5/8/2024,2,,1,,,,,,,,,,,,,,1,,,,,,,,,4,,,,,1,,,,,,1,,,,1,,,,,,,,3,,,,,,,,,,,,1,,,,,
12. North Ridge,5/19/2024,1,2,1,,,1,,,,1,,,,1,2,,1,1,,,,,,,,5,,,,,,,,,,,1,1,,,1,,,,,,,,2,,,2,1,,,,,,,1,2,,1,,,
12. North Ridge,06/06/2024,,3,1,,,,,,,,,,,,,,,,,,,,,,,,,,,,,,,,,,,,,,,,,,,,,,1,,,,,,,,,,,,1,,,,,
12. North Ridge,06/19/2024,2,1,,,,,,,,,,,,1,,,3,,,,,,,,,7,,,,,,,,,,,,1,,,1,,,,,,,,3,,,,,,,,,2,,,1,,,,,
12. North Ridge,07/08/2024,,2,,,,,,,,,,,1,,,,5,,,,,,,,,1,,,,,1,,,,,,,1,,,,,,,,,,,1,,,1,,,,,,,,,1,,,,,
12. North Ridge,07/28/2024,,,2,,,1,,1,2,,,,,1,,,,1,,,,,,,,6,,,,,2,,,1,,,,,,,1,,,,,,,,1,,,1,,,,,,,,,1,,,,,
12. North Ridge,08/01/2024,,2,1,,,,,,,,,,,,,,1,2,,,,,,,,2,,1,,,,,,,,,,,,,,1,,,,,,,2,,,,,,,,,,,,,,,,,
12. North Ridge,08/25/2024,,2,3,,,2,,,,,,,,,,,2,2,,,,,,,,2,,2,,,,,,,,,,1,,,1,,,,,,,,3,,,,,,,,,,,2,1,,,,,
12. North Ridge,09/01/2024,,1,1,,,1,,1,,,,,,3,,,,2,,,,,1,,,40,,2,,,,,,,,,,1,,,,,,,,,,,5,,,1,,,,,,,2,,1,,,,,
12. North Ridge,09/22/2024,,,,,,,,,,,,,1,2,,,1,,1,,,,,,,1,,1,,,,,,,,,,1,,,2,,,,,,,,2,,,1,,1,,,,,1,,,,,,,
12. North Ridge,10/6/2024,,1,,,,,,,,,,,,1,,,,,,,,,,,,,,,,,,,,,,,,,,,1,,,,,,,,,,,,,,,,,,,,,,,,,
12. North Ridge,10/20/2024,,,2,,,,1,,,,,,,1,,,1,,,,,,,,,1,,1,,,,,,,,,,,,1,,,,,,,,,1,,,,,,,,,,,,,,,,,
12. North Ridge,11/3/2024,,,2,,,,,,,,,,,1,,,,,1,,,,,,,1,,2,,,,,,,,,,,,,1,,,,,,,,,,,,,,,,,,,,,,,,1,
12. North Ridge,11/14/2024,,,1,,,,,,,,,,,2,,,1,,,,,,,1,,,,,,,,,,,,,,,,,,,,1,,,,,1,,,1,,,,,,,,,,,,,1,
12. North Ridge,12/1/2024,,,1,,,,,,,,,,,,,,,,,,,,,,,,,1,,,,,,,,,,,,,,,,,,,,,,,,,,,,,,,,,,,,,2,
12. North Ridge,12/8/2024,,,1,,,,1,,,,,,,,,,,,,,,,,,,1,,1,,,,,,,,1,,,,,,,,1,,,,,1,,,,,,,,,,,,,,,,6,
13. Medical,1/7/2024,,,2,,,,,,,,,,,,,,,,1,,,,,,,,,,,,,,,,,,,,,,,,,,,,1,,1,,,1,,1,,,,,,,,,,,,
13. Medical,01/21/2024,,,2,,,,,,,,,,,,,2,,1,,,,,,,,,,,,,,,,1,,,,,,,,,,,,,1,,3,,,,,2,,,,,,,,,,,,
13. Medical,2/5/2024,,,1,,,,,,,,,,,,,,,,,,,,,,,,,,,,,,,,,,,,,,1,,,,,,1,,1,,,,,,,,,,,,,,,,,
13. Medical,02/18/2024,,,,,,,,,,,,,,1,,1,1,,,,,,,,,,,,,,,,,,,,,,,,2,,,,,,,,1,,,,,,,,,,,,,,,,,
13. Medical,03/04/2024,,1,,,,,,,,,,,,1,,,2,,,,,,,,,,,,,,,,,,,,,,,,,,,,1,,,,2,,,,,,,,,,,,,,,,,
13. Medical,03/18/2024,1,,2,,,,,,,,,,,,,2,2,1,,,,,,,,2,,,,,,,,,,,,,,,,,,,,,,,4,,,,,,,,,,,,,,,,,
13. Medical,4/7/2024,2,,,,,,,,,,,,,,,1,1,,,,,,,,,3,,,,,,,,,,,,,,,,,,,,,,,3,,,,,,,,,,,,1,,,,,
13. Medical,04/21/2024,1,1,1,,,,,,,,,,,1,1,,1,,,,,,,,,1,,,,,,,,,,,,,,,1,,,,,,,,3,,,,,,,,,,,,,,,,,
13. Medical,5/8/2024,2,,,,,,,,,,,,,,,1,,,,,,,,,,4,,,,,,,,,,,,,,,,,,,,,,,1,,,,,,,,,,,,,,,,,
13. Medical,5/19/2024,1,1,,,,,,,,,,,,,,,1,,,,,,,,,3,,,,,,,,,,,,,,,,,,,,,,,2,,,1,,,,,,1,,,,,,,,
13. Medical,06/06/2024,1,1,,,,,,,,,,,,,,1,,,,,,,,,,1,,,,,,,,,,,,,,,,,,,,,,,2,,,,,,,,,,,,,,,,,
13. Medical,06/19/2024,1,1,,,,,,,,,,,,,,2,1,,,,,,,,,1,,,,,,,,,,,,,,,,,,,2,,,,3,,,,,,,,,,,,1,,,,,
13. Medical,07/08/2024,,1,,,,,,,,,,,,,,2,2,,,,,,,,,1,,,,,,,,,,,,,,,,,,,,1,,,2,,,,,,,,,3,,,,,,,,
13. Medical,07/28/2024,,,,,,,,,,,,,1,1,,1,,,,,,,,,,,,,,,,,,,,,,,,,,,,,,,,,1,,,,,,,,,,,,,,,,,
13. Medical,08/01/2024,,,,,,,,,,,,,,,,,,,,,,,,,,,,,,,,,,1,,,,,,,,,,,,,,,,,,,,,,,,,,,,,,,,
13. Medical,08/25/2024,,,,,,,,,,,,,,,,,1,,,,,,,,,,,,,,,,,,,,,,,,,,,,,,,,1,,,,,,,,,,,,,,,,,
13. Medical,09/01/2024,,,,,,,,,,,,,,,,1,,1,,,,,,,,,,,,,,,,,,,,,,,,,,,,,,,2,,,,,,,,,,,,,,,,,
13. Medical,09/22/2024,,,,,,,,,,,,,,,,,,1,,,,,,,,,,,,,,,,,,,,,,,,,,,,,,,2,,,1,,,,,,,,,,,,,,
13. Medical,10/6/2024,,,1,,,,,,,,,,,,,2,1,,,,,,,,,,,,,,,,,,,,,,,,,,,,,,,,2,,,,,,1,,,,,,,,,,,
13. Medical,10/20/2024,,,1,,,,,,,,,,,,,2,2,,,,,,,,,,,,,,,,,,,,,,,,1,,,1,,,,,1,,,,,,,,,,,,,,,,,
13. Medical,11/3/2024,,,,,,,,,,,,,,,,,2,1,,,,,,,,,,,,,,,,,,,,1,,,,,,1,,,,,1,,,,,,,,,,,,,,,,,
13. Medical,11/14/2024,,,,,,,,,,,,,,,,5,2,,,,,,,1,,,,,,,,,,,,,,,,,,,,,,,2,,,,,,,,,,,,,,,,,,,
13. Medical,12/1/2024,,,1,,,,,,,,,,,,,1,,,,,,,,,,,,,,,,,,,,,,1,,,1,,,,,,,,1,,,,,1,,,,,,,,,,,,
13. Medical,12/8/2024,,,2,,,,,,,,,,,,,,2,,,,,,,1,,,,,,,,,,,,,,,,,2,,,1,,,,,2,,,,,1,,,,,,,,,,,,
2. Fairy Gates,1/7/2024,,1,2,,,,,,1,,,,,1,,,,,1,,,,,,,,,,,,,,,,,,,,,,1,,,1,,,1,,,,,,,,,,,,,,,,,,,
2. Fairy Gates,01/21/2024,,2,2,,,,,2,,,,,,2,,,,,1,,,,,2,,,,,,,,,,1,,,,1,,,2,,,1,,,,,2,,,2,,1,,,,,,,,,,,,
2. Fairy Gates,2/5/2024,,5,1,,,,,,,,,,,2,,1,3,,,,,,,,,,,,,,,,,,,,,2,,,,,,1,,,,,1,,,,,,,,,,,,,,,,,
2. Fairy Gates,02/18/2024,,2,1,,,,,,,,,,,,,,1,,,,,,,,,1,,,,,,,,1,,,,1,,,,,,,,,,,2,,,,,,,,,,,,,,,,,
2. Fairy Gates,03/04/2024,3,2,1,,,,,,,,,,,2,,,1,,,,,,,,,2,,,,,,,,,,,,1,,,,,,1,,,,,2,,,,,,,,,,,,,,,,,
2. Fairy Gates,03/18/2024,1,9,8,,,,,1,,,,,,2,1,,1,1,,,,,,1,,1,,,,,,,,1,,,,1,,,1,,,3,,,,,1,,,1,,2,,,,,,,1,,,,,
2. Fairy Gates,4/7/2024,1,2,2,,,,,,,,,,,,,,1,,,,,,,,,3,,,,,1,,,1,,2,,,,,,,,1,,,,,1,,,,,1,,,,,,,,,,,,
2. Fairy Gates,04/21/2024,,1,1,,,,,1,,,,,,,,1,,,,,,,,,,1,,,,,,,,2,,1,1,,,,,,,,,,,,4,,,1,,,,,,,,,1,,,,,
2. Fairy Gates,5/8/2024,1,1,2,,,,,,,,,,,,,,1,,,,,,1,,,1,,,,,,,,1,,,,,,,2,,,,,,1,,1,,,1,,,,,,,,,1,,,,,
2. Fairy Gates,5/19/2024,1,1,2,,,,,,4,1,,,,3,,1,1,,,,,,,,,2,,,,,,,,,,,,,,,,,,,,,,,3,,,1,,,,,,,1,,2,,,,,
2. Fairy Gates,06/06/2024,1,2,,,,,,,,,,,,2,,,1,,,,,,,,,2,,,,,,,,,,,,1,,,2,,,,,,,,3,,,,2,,,,,,1,,1,,,,,
2. Fairy Gates,06/19/2024,2,5,1,,,,,,,,,,1,2,,1,1,,,,,,,,,4,,,,,,,,,,,,,,,,,,,,,1,,2,,,,,,,,,,,,1,,,,,
2. Fairy Gates,07/08/2024,,2,1,1,,,,,,,,1,,2,,,1,,,,,,,,,1,1,,,,,,,,,,,1,,,1,,,,,,1,,1,,,1,,,,,,,,1,1,,,,,
2. Fairy Gates,07/28/2024,,2,2,,,,,1,,,,,,2,,,1,1,,,,,,,,2,,,,,,,,1,,,,,,,2,,,,,,,,1,,,,,,,,,,,,,,,,,
2. Fairy Gates,08/01/2024,,2,,,,,,,,,,,2,,,,,1,,,,,,,,2,,,,,,,,1,,,,,,,1,,,,,,,,,,,,,,,,,,,1,,,,,,
2. Fairy Gates,08/25/2024,,1,2,,,,,2,,,,,1,1,,,,,,,,,,,,2,,1,,,1,,,1,,,,,,,,,,,,,,,2,,,1,,,,,,,,,2,,,,,
2. Fairy Gates,09/01/2024,,,3,,,,,,,,,,,2,,,2,,,,,,,,,,,,,,,,,,,,,,,,2,,,,,,,,3,,,,,,,,,,1,,,,,,,
2. Fairy Gates,09/22/2024,,,2,,,,,,,,,,1,3,,,,,,,,,1,,,,,,1,,,,,,,,,1,,,2,,,,,,,,2,,,,,2,,,,,,,,,,,1,
2. Fairy Gates,10/6/2024,,2,1,,,,,,,,,,,,,,6,,1,,,,,2,,2,,1,1,,,,,,,,,,,,3,,,,,,,,1,,,1,,1,,,,,,,,,,,,
2. Fairy Gates,10/20/2024,,,1,,,,,,,,,,,,,,1,,3,,,,,1,,2,,,,,,,,,,,,,,,1,,,2,,,,,2,,,,,,,,,,,,,,,,1,
2. Fairy Gates,11/3/2024,,1,,,,,,,,,,,,1,,,1,,,,,,,,,,,,,,,,,,,,,1,,,,,,,,,,,,,,,,,,2,,,,,,,,,,
2. Fairy Gates,11/14/2024,,,1,,,,,,,,,,1,,,,1,,1,,,,,,,,,,,,,,,,,,,,,,,,,1,,,,,,,,,,1,,1,,,,,,,,,,
2. Fairy Gates,12/1/2024,,,1,,,,,,,,,,,,,,,,,,,,,,,,,,,,,,,,,,,1,,,2,,,1,,,,,1,,,,,,,,,,,,,,,,1,
2. Fairy Gates,12/8/2024,,1,1,,,,,,,,,,,,,2,1,,,1,,,,1,,,,,,,,,,1,,,,,,,1,,,1,,,,,5,,,1,,1,,,,,,,,,,,,
3. East Ridge,1/7/2024,,,2,,,,,,,,,,,,,,1,,,,,,,,,2,,,,,,,,,,,,,,,,,,,,,1,,1,,,,,,,,,,,,,,,,,
3. East Ridge,01/21/2024,,,1,,,,,,,,,,,1,,,,,,,,,,,,,,,,,,,,,,,,,,,,,,,,,,,,,,,,1,,,,,,,,,,,,
3. East Ridge,2/5/2024,,,1,,,,,,,,,,,,,,1,,,,,,,,,,,,,,,,,,,,,,,,,,,,,,,,1,,,,,,,,,,,,,,,,,
3. East Ridge,02/18/2024,,1,2,,,,1,,,,,,,,,,1,,,,,,,,,1,,,,,,,,,,,,,,,1,,,1,,,,,1,,,,,,,,,,,,,,,,,
3. East Ridge,03/04/2024,1,1,2,,,,1,,,,,,,,,,3,,2,,,,,,,2,,,,,2,,,,,,,,,,1,,,1,,,,,2,,,,,1,,,,,,,,,,,,
3. East Ridge,03/18/2024,2,3,,,,,,,,,,,,,,,1,,,,,,,1,,,,,,,1,,,,,1,,,,,1,,,1,,,,,,,,2,,4,,,,,,,,,,,1,
3. East Ridge,4/7/2024,1,1,2,,,,,,,,,,,,,,1,,,,,,,,,1,,,,,,,,1,,,,,,,2,,,,,,,,2,,,2,,,,,,,,,,,,,,
3. East Ridge,04/21/2024,,2,3,,,1,,,3,,,,,,2,,,2,,,,,,,,1,,,,,,,,,,,,,,,1,,,,,,,,2,,,,,,,,,1,,,,,,,1,
3. East Ridge,5/8/2024,1,,,,,,,,,,,,,,,,,,,,,,,,,1,,,,,,,,,,,,,,,,,,,,,,,1,,,,,,,,,,,,,,,,,
3. East Ridge,5/19/2024,3,2,3,,,,,,,,,,,,,,1,,,,,,,,,2,,,,,,,,,,,,,,,,,,,,,1,,3,,,,,,,,,1,,,1,,,,,
3. East Ridge,06/06/2024,2,1,2,,,,,,,,,,,2,,,2,2,,,,,,,,1,,,,,3,,,1,,,,,,,,,,,,,1,,1,,,,,,,,,1,,,1,,,,,
3. East Ridge,06/19/2024,1,1,1,,,,,,,,,,,1,,,1,,,,,,,,,2,,,,,2,,,,,,,,,,2,,,,,,,,3,,,,,,,,,1,,,,,,,,
3. East Ridge,07/08/2024,1,2,1,,,,,,,,,,1,,,,1,,,,,,,,,2,,,,,,,,,,,,1,,,,,,,,,,,2,,,,,,,,,1,,,,,,,,
3. East Ridge,07/28/2024,,3,2,,,,,,,,,,,1,,,1,,,,,,,,,7,,,,,,,,,,,,,,,1,,,,,,,,3,,,,,,,,,1,,,,,,,,
3. East Ridge,08/01/2024,,,1,,,,,,,,,1,,1,,,1,1,,,,,,,,1,,,,,,,,,,,,,,,1,,,,,,,,4,,,1,,,,,,3,,,,,,,,
3. East Ridge,08/25/2024,,3,2,,,,,,,,,,,,,,2,,,,,,,,,1,,,,,,,,,,,,,,,1,,,,,,,,2,,,,,,,,,,,,,,,,,
3. East Ridge,09/01/2024,,2,2,,,,,,,,,1,,,,,1,,,,,,,,,1,,,,,,,,,,1,,,,,1,,,,,,,,1,,,,,,,,,,1,,,,,1,,
3. East Ridge,09/22/2024,,3,1,,,,,,,,,1,,1,,,1,,,,,,,,,,,,,,1,,,,,,,,,,1,,,,,,,,4,,,,,,,,,,1,,,,,,,
3. East Ridge,10/6/2024,,,,,,,,,,,,,,,,,,,,,,,,,,,,,,,,,,,,,,,,,,,,,,,,,,,,,,,,,,,,,,,,,,
3. East Ridge,10/20/2024,,,2,,,,,,,,,,,,,,1,,1,,,,,,,1,,,,,,,,,,,,,,,1,,,1,,,,,3,,,,,,,,,,,,,,,,,
3. East Ridge,11/3/2024,,,1,,,,,,,,,,,,,,,,,,,,,,,,,1,,,,,,,2,,,,,,,,,,,,,,,,,,,,,,,,,,,,,,,
3. East Ridge,11/14/2024,,,1,,,,1,,,,,2,,,,,2,1,,,1,,,1,,1,,,1,,,,,,,,,,,,4,,,2,,,,,2,,,,,1,,,,,,,,,,,2,
3. East Ridge,12/1/2024,,1,,,,,,,,,,,,,,,,,,,,,,1,,,,,,,,,,,,,,,,,2,,,,,,,,1,,,,,,,,,,,,,,,,,
3. East Ridge,12/8/2024,,,1,,,,,,,,,,,,,,,,,,,,,1,,,,,,,,,,,,,,,,,1,,,,,,,,,,,,,,,,,,,,,,,,,
4. Mystery,1/7/2024,,,1,,,,,,,,,,,1,,,,,1,,,,,1,,,,,,,,,,,,,,,,,,,,,,,,,1,,,,,,,,,,,,,,,,,
4. Mystery,01/21/2024,,,3,,,,,,,,,,,2,,,,,1,,,,,1,,,,,,,,,,,,,,2,,,1,,,1,,,,,3,,,,,,,,,,,,,,,,,
4. Mystery,2/5/2024,,,3,,,,,,,,,,,,,,,,2,,,,,,,,,,,,,,,,,,,,,,,,,,,,,,3,,,,,,,,,,,,,,,,,
4. Mystery,02/18/2024,2,1,2,,,,,,,,,,,1,,,2,,1,,,,,,,1,,,,,,,,,,,,2,,,,,,,,,,,4,,,,,,,,,,,,,,,,,
4. Mystery,03/04/2024,2,5,1,,,,,,,,,,,1,,,1,,,,,,,1,,,,,,,,,,,,,,2,,,,,,1,,,,,4,,,,,,,,,,,,,,,,,
4. Mystery,03/18/2024,2,45,,,,,,,,,,,,,30,,,3,,1,4,,,3,,2,,,,,,,,,,1,,,,,,,,,,,,,3,,,,,3,,1,,,,,1,,,,,
4. Mystery,4/7/2024,1,4,1,,,,,,,,,,,1,3,,,,,,,,,,,1,,,,,,,,,,1,,1,,,,,,,,,,,2,,,3,,3,,,,,,,2,,,,,
4. Mystery,04/21/2024,4,2,1,,,1,,,,,,,,1,,,1,,,,,,1,,,2,,,,,,,,,,2,,1,,,,,,,,,,,2,,,1,,,,,,1,,,2,,,,,
4. Mystery,5/8/2024,2,2,3,,,,,,,,,,,1,,,3,,,,,,,,,3,,,,,,,,,2,1,,,,,,,,,,,1,,2,,,,,,,,,,,,2,,,,,
4. Mystery,5/19/2024,2,4,1,,,,,,,,,,,,,,,,,,,,,,,1,,,,,2,,,,,,,2,,,,,,,,,,,4,,,,,,,,,,,,2,,,,,
4. Mystery,06/06/2024,3,3,1,,,,,,,,,,,1,,,1,,,,,,,,,2,,,,,,,,,,,2,1,,,,,,,,,,,3,,,,,,,,,,,,2,,,,,
4. Mystery,06/19/2024,2,2,1,,,,,,,,,,,,,,1,,,,,,,,,2,,,,,,,,,,,,,,,1,,,,,,,,1,,,,,,,,,,,,1,,,,,
4. Mystery,07/08/2024,1,1,2,,,,,,,,,,,1,,,1,,,,,,,,,2,,,,,1,,,,,,,,,,2,,,,,,,,2,,,,1,,,,,,,,1,,,,,
4. Mystery,07/28/2024,,3,4,,,,,,,,,,,1,,,,,,,,,,,,3,,,,,,,,,,,,,,,1,,,,,,,,2,,,,,,,,,,,,1,,,,,
4. Mystery,08/01/2024,,2,2,,,,,,,,,1,,2,,,,1,,,,,,,,3,,,,,,,,1,,1,,,,,1,,,,,,,1,2,,,,,,,,,1,,,2,,,,,
4. Mystery,08/25/2024,,1,3,,1,,,,,,4,,,2,,,,,,,,,,,,1,,,,,,,,,,,,1,,,1,,,,,,,,3,,,,,,,,,,1,,1,,,,,
4. Mystery,09/01/2024,,,3,,,,,,,,,,,1,,,1,,,,,,,,,2,,,,,,,,,,,,1,,,,,,,,,,,4,,,,,,,,,,1,,,,,1,,
4. Mystery,09/22/2024,,3,1,,,,,,,,,,,1,,,,1,1,,,,1,,,,,,,,,,,1,,,,1,,1,2,,,,,,,,2,,,2,,,,,,,1,,1,,,,,
4. Mystery,10/6/2024,,1,1,,,,,,,,,,1,,,,1,1,2,,,,,1,,,,,,,,,,,1,1,,,,,,,,,,,,,3,,,,,,,,,,,,,,,,,1
4. Mystery,10/20/2024,,,2,,,,,,,,,,,,,,,,1,,,,,,,2,,,,,,,,,1,,,1,,1,1,,,1,,,,,2,,,,,1,,,,,,,,,,,,
4. Mystery,11/3/2024,,,,,,,,,,,,,,,,,,,2,1,,,,,,,,,,,,,,,,,,,,,,,,,,,,,1,,,,,,,,,,,,,,,,2,
4. Mystery,11/14/2024,,1,1,,,,,,,,,,,,,,1,2,3,,,,,2,,,,1,,,,,2,1,,1,,1,,,1,,,3,,,,,2,,,1,,,,,,,,,,,,,3,
4. Mystery,12/1/2024,,,1,,,,,,,,,,,,,,,,,,,,,,,1,,,,,,,,,,,,,,,,,,1,,,,,1,,,1,,,,,,,,,,,,,1,
4. Mystery,12/8/2024,,,,,,,,,,,,,,2,,,3,,2,,,,,,,,,,,,,,,,,,,1,,,1,,,2,,,,,2,,,,,,,,,,,,,,,,1,
5. Summit,1/7/2024,,,3,,,,,,,,,,,,,,,,2,,,,,1,,1,,,,,,,,,,,,1,,,3,,,2,,,,,2,,,1,,,,2,,,,,,,,,,
5. Summit,01/21/2024,,,2,,,,1,,,,,,,,,,,,,,,,,2,,,,,,,,,,,,,,1,,,,,,1,,,,,3,,,,,1,,,,,,,,,,,,
5. Summit,2/5/2024,,,1,,,,,,,,,,,,,,1,,,,,,,,,,,,,,,,,,,,,1,,,,,,2,,,,,1,,,,,1,,,,,,,,,,,,
5. Summit,02/18/2024,1,,1,,,,,,,,,,,,,,1,,,,,,,,,,,,,,,,,,,,,,,,,,,,,,,,3,,,,,,,,,,,,,,,,,
5. Summit,03/04/2024,1,1,2,,,,1,,,,,,,1,,,1,1,,,,,,1,,2,,,,,,,,,,1,,1,,,1,,,2,,,,,2,,,1,,1,,1,,,,,,,,,,
5. Summit,03/18/2024,1,5,,,,,,,1,,1,,,,,,1,,,,,,,,,,,,,,,,,,,1,,1,,,,,,1,,,,,1,1,,,,2,,2,,,,,,,,,1,
5. Summit,4/7/2024,2,,1,,,,,,,,2,1,,,,2,1,1,,,,,,,,1,,,,,,,,,,,,1,,,2,,,1,,,,,2,,1,1,,1,,2,,,,,2,,,,,
5. Summit,04/21/2024,3,1,2,,,,,,,,2,1,,,,,1,,,,,1,,2,,1,,,,,,,,,,2,,,,,,,,,,,,,2,,,,,,,,,,,,1,,,,,
5. Summit,5/8/2024,2,2,3,,,,,,2,,,1,,,1,,2,,,,,,,,,1,,,,,,,,1,,1,,,,,,,,,,,,,3,,,1,,,,,,,,,2,,,,,
5. Summit,5/19/2024,3,,2,,,,,,,,1,1,,,,,,,,,,,,,,1,,,,,1,,,,,1,,,,,,,,1,,,,,2,,,1,,,,,1,,,,1,,,,,
5. Summit,06/06/2024,2,,2,,,,2,,,,,1,,,,,2,,,,,,,,,6,,,,,,,,,,1,,,,,,,,,,,,,3,,,,,,,,,,,,,,,,,
5. Summit,06/19/2024,2,2,1,,,,,,2,,,,,2,,,2,1,,,,,,,,2,,,,,,,,,,,,1,,,2,,,,,,,,2,,,,,,,,,,,,1,,,,,
5. Summit,07/08/2024,1,1,1,,,,,,,,1,,,1,,2,1,,,,,,,,,7,,,,,1,,,,,,,1,,,,,,,,,,,3,,,,,,,,,,,,1,,,,,
5. Summit,07/28/2024,,,3,,,,,,,,,1,,1,,,,,,,,,,,,1,,,,,1,,,,,1,,,,,1,,,,,,,,,,,,,,,,,,,,1,,,,,
5. Summit,08/01/2024,,1,1,,,,,,,,,,,1,,,1,,,,,,,,,3,,,,,,,,,,1,,,,1,,,,,,,,1,6,,,1,,,,,,,,,2,,,,,
5. Summit,08/25/2024,,3,3,,2,3,,,,,,,,2,,,,,,,,,,,,6,,,,2,,,,,,1,,,,1,1,,,,,,,,2,,,,,,,,,,,1,1,,1,,,
5. Summit,09/01/2024,,1,2,,,,,,,,,1,,1,,,,,,,,,,,,1,,,,,,,,,,,,,,,,,,,,2,1,,1,,,,1,,,,,,1,,1,,,1,,
5. Summit,09/22/2024,,,2,,,,,,,,,1,,,,,1,1,,,,,,,,,,1,,,,,,,,,,1,,1,1,,,1,,,,,2,,,1,2,1,,,,,1,,1,,,,,
5. Summit,10/6/2024,,,2,,,,,,,,,,1,1,,,,,1,,,,,1,,2,,,,,,,,,,,,,,,1,,,1,,,,,,,,2,,1,,,,,,,,,,,,
5. Summit,10/20/2024,,,2,,,,,,,,,,1,2,,,,,2,,2,,,2,,,,,,,,,1,,,,,,,1,2,,,2,,,,,2,1,,,,1,,,,,,,,,,,3,
5. Summit,11/3/2024,,1,2,,,,1,1,,,,1,,2,,,1,,1,,2,,,3,,2,,,,,,,1,,,,,,,1,,,,3,,,1,,3,1,,,,,,,,,,,,,,,4,
5. Summit,11/14/2024,,1,2,,,,,,,,,,,1,,,2,,2,,6,,,2,,,,1,,,,,,,,,,,,2,,,,3,,,,,2,,,2,,1,,,,,,,,,,,2,
5. Summit,12/1/2024,,,1,,,,1,,,,,,,1,,,2,,,,,,,1,,,,,,,,,,,,,,1,,,2,,,,,,,,2,,,1,,1,,1,,,,,,,,,1,
5. Summit,12/8/2024,,,2,,,,1,,,,,,,2,,,2,,2,,,,,2,,1,,1,,,,,,,,,,,,,1,,,2,,,,,3,1,,1,,2,,,,,,,,,,,1,
6. Nike,1/7/2024,,,1,,,,,,,,,,,1,,1,,,1,,,,,1,,,,,,,,,,,,,,,,,,,,1,,,,,1,,,2,,,,2,,,,,,,,,,
6. Nike,01/21/2024,,,1,,,,,,,,,,,,,,,,,,,,,,,,,,,,,,,,,,,,,,,,,,,,,,2,,,,,,,,,,,,,,,,,
6. Nike,2/5/2024,,,,,,,,,,,,,,,,,,,,,,,,,,,,,,,,,,,,,,1,,,,,,1,,,,,1,,,,,1,,,,,,,,,,,,
6. Nike,02/18/2024,,,,,,,1,,,,,,,1,,,1,,,,,,,,,,,,,,,,,,1,,,,,,,,,,,,,,1,,,,,,,,,,,,,,,,,
6. Nike,03/04/2024,1,1,1,,,,,,,,,,,1,,2,,,,,,,,,,1,,,,,,,,,,,,1,,,1,,,1,,,,,2,,,,,,,,,,,,,,,,,
6. Nike,03/18/2024,1,,,,,,,,,,,,,,,,3,,,,,,,,,,,,,,,,,,,,,,,,,,,,,,,,1,,,1,,,,,,,,,,,,,,
6. Nike,4/7/2024,2,,2,,,,,,,,,,,,,,,,,,,,1,,,2,,,,,,2,,,,,,1,,,2,,,1,,,,,1,,,1,,,,,,,,,2,,,,,
6. Nike,04/21/2024,2,2,1,,,,,,,,1,,,,,,,,,,,,,,,2,,,,,,,,,,2,,1,,,1,,,,,,,,2,,,,,,,,,,,,2,,,,,
6. Nike,5/8/2024,2,1,1,,,,,,,,,1,,1,,,4,,,,,,1,,,2,,,,,,,1,,,1,,,,,1,,1,,,,,,,,,,1,,,,,,,,1,,,,,
6. Nike,5/19/2024,,3,1,,,,,,,,,,,1,,,1,,,,,,,,,2,,,,,,,,,,,,,,,,,,,,,1,,1,,,,,,,,,,,,1,,,,,
6. Nike,06/06/2024,,2,1,,,,,,,,,,,,,,1,,,,,,,,,2,,,,,,,,,,,,1,,,,,,,,,1,,2,,,,,,,,,,1,,,,,,,
6. Nike,06/19/2024,1,5,2,,,,,,,,2,,,1,,,2,,,,,,,,,7,,,,,,,,,,,,1,,,1,,,,,,1,,2,,,1,,,,,,,,,1,,,,,
6. Nike,07/08/2024,1,1,1,,,,,,,,3,,,1,,,1,,,,,,,,,6,,,,,1,,,,,,,1,,1,1,,,,,,,,3,,,,,,,,,,,,4,,,,,
6. Nike,07/28/2024,,,2,,,,,,,,,,,,,,2,,,,,,,,,2,,1,,,,,,,,,,,,,,,,,,,,,,,,,,,,,,,,,1,,,,,
6. Nike,08/01/2024,,1,2,,,,,,,,,,,,,,1,,,,,,,,,2,,,,,,,,,,,,,,,1,,,,,,1,1,,,,1,,,,,,,,,,,,,,
6. Nike,08/25/2024,,1,3,,,,,,,,,,,1,,,,,,,,,,,,4,,1,,,,,,,,,,,,,,,,,,,,,2,,,1,,,,,,,,,1,,1,,,
6. Nike,09/01/2024,,2,2,,,,,,,,,,,1,,,3,1,,,,,1,,1,,,,,,,,,,,,,1,,,1,,,,,,,,1,,,1,,,,,,,1,,2,,,,,
6. Nike,09/22/2024,,,1,,,,,,,,,,,1,,,5,,,,,,,,,,,1,,,,,,,,,,,,,,,,,,,,,8,,,,,1,,,,,1,,,,,,,
6. Nike,10/6/2024,,,,,,,,,,,,,,,,,1,,,,,,,,,1,,,,,,,,,,,,1,,,,,,,,,,,,,,,,1,,,,,,,,,,,,
6. Nike,10/20/2024,,,1,,,,,,,,,,,,,,,,,,,,,1,,,,1,1,,,,,,,,,1,,,1,,,2,,,,,1,,,,,,,,,,,,,,,,,
6. Nike,11/3/2024,,,,,,,,,,,,,,,,,3,,1,,1,,,2,,2,,,,,,,,,,,,,,,,,,2,,,,,1,,,,,1,,,,,,,,,,,2,
6. Nike,11/14/2024,,2,1,,,,,,,,,,,1,,,1,,2,,,,,2,,1,,,,,1,,,,,,,2,,1,,,,1,,,,,1,,,1,,1,,,,,,,,,,,,
6. Nike,12/1/2024,,,1,,,,,,,,,,,1,,,,,,,,,,1,,,,,,,,,,,,,,,,,1,,,1,,,,,1,,,,,1,,1,,,,,,1,,,1,
6. Nike,12/8/2024,,,1,,,,1,,,,,1,,1,,,2,1,,,,,,2,,2,,,,,,,,,,,,1,,,,,,2,,,,,5,,,,,1,,,,,,,,,,,4,
7. Quarry,1/7/2024,,,1,,,,1,,,,,,,,,,,,,,,,,1,,,,,,,,,,1,,,,2,,,1,,,1,,,,,2,,,1,,,,1,,,,,,,,,,
7. Quarry,01/21/2024,,,1,,,,,,,,,,,,,,,,,,,,,,,,,,,,,,,,,,,,,,1,,,,,,,,1,,,,,,,,,,,,,,,,,
7. Quarry,2/5/2024,,,2,,,,1,,,,,,,2,,,,,,,,,,,1,,,1,,,,,,,,,,2,,,,,,2,,,,,2,,,,,2,,,,,,,,,,,,
7. Quarry,02/18/2024,,,1,,,,1,,,,,,,,,,1,,,,,,,,,,,,,,,,,,,,,1,,,1,,,,,,,,4,,,,,,,,,,,,,,,,,
7. Quarry,03/04/2024,1,1,2,,,,,,,,,,,,,,,,,,,,,,,2,,,,,,,,,,,,,,,,,,1,,,,,2,,,,,1,,,,,,,,,,,,
7. Quarry,03/18/2024,1,,1,,,,,,,,1,,,,,,1,,,,,,,,,2,,,,,,,,,,,,,,,,,,,,,,,1,,,,,1,,,,,,,,,,,,
7. Quarry,4/7/2024,2,1,3,,,,,,,,1,,1,2,,,1,,,,2,,,,,5,,,,,,,,,,,,,,,1,,,2,,,,,2,,,1,,,,,,,,,2,,,,,
7. Quarry,04/21/2024,1,2,4,,,,1,,,,1,,,1,,,2,,,,,,,,,2,,,,,,,1,,,2,,,,,,,,,,,,,3,,,1,,,,,,,,,2,,,,,
7. Quarry,5/8/2024,1,1,1,,,,,,,,,,,2,,,1,,,,,,,,,4,,,,,1,,,,,,,1,,,,,,,,,,,2,,,1,,,,,,,,,2,,,,,1
7. Quarry,5/19/2024,1,1,1,,,,,,,,,,,,,,1,,,,,,,,,3,,,,1,2,,,,,,,,,,,,,,,,,,3,,,,,,,,,,,1,2,,,,,
7. Quarry,06/06/2024,,1,1,,,,,,,,,,,,,,2,,,,,,,,,5,,,,,,,,1,,,,,,,,,,,,,,,1,,,,,,,,,,,,1,,,,,
7. Quarry,06/19/2024,1,3,1,,,,,,,,,,,1,,,1,,,,,,,,,3,,,,,1,,,1,,,,,,,1,,,,,,,,2,,,,,,,,,,,,1,,,,,
7. Quarry,07/08/2024,,2,1,,,,,,,,,,,1,,,,1,,,,,,,,4,,,,,1,1,,,,,,1,,,1,,,,,,,,2,,,1,,,,,,,,,2,,,,,
7. Quarry,07/28/2024,,,3,,,,,,,,,,,,,,1,,,,,,,,,3,,,,,1,,,,,,,,,,,,,,,,,,1,,,,,,,,,,,,,,,,,
7. Quarry,08/01/2024,,1,2,,,,,,,,,,,,,,,,,,,,,,,10,,,,,,1,,,,,,,,,,,,,,,,1,2,,,2,,,,,,,,,1,,,,,
7. Quarry,08/25/2024,,,3,,,,,,,,,,,1,,,,,,,,,,,,,,,,,,,,,,,,,,,1,,,,,,,,2,,,,,,,,,,,,,,,,,
7. Quarry,09/01/2024,,,3,,,,,,,,,,1,2,,,1,1,,,,,,,,,,,,,1,,,,,,,,,,1,,,,,,,,1,,,,,,,,,,2,,,,1,,,
7. Quarry,09/22/2024,,,1,,,,,,,,,,,1,,,1,,,,,,,,,1,,,,,,,,,,,,,,,2,,,,,,,,2,,,,1,,,,,,,,,,,,,
7. Quarry,10/6/2024,,,2,,,,,,,,,,,2,,,,,,,1,,,1,,1,,1,,,,,,,,,,1,,,1,,,1,,,1,,,,,,,,,,,,,,,,,,,
7. Quarry,10/20/2024,,,2,,,,,,,,,,,1,,,,,,,,,,1,,2,,1,,,1,,,,,,,2,,,2,,,2,,,,,1,,,,,,,,,,,,,,,,1,
7. Quarry,11/3/2024,,,1,,,,1,,,,,,,,,,1,,2,1,,,,2,,1,,,,,,,,,,,,1,,,,,,,,,,,2,,,,,,,,,,,,,,,,1,
7. Quarry,11/14/2024,,,1,,,,1,,,,,,,1,,,,,1,,,,,3,,1,,1,,,,,,,,,,2,,,1,,,1,,,,,2,,,,,,,,,,,,,,,,,
7. Quarry,12/1/2024,,,2,,,,1,,,,,,,2,,,1,,,,,,,1,,1,,,,,,,,,,,,1,,,,,,1,,,,,1,,,,,1,,,,,,,,,,,,
7. Quarry,12/8/2024,,,1,,,,1,,,,11,,,1,,,2,,,,,,,1,,1,,,,,,,,,,,,,,,1,,,3,,,,,1,,,,,5,,,,,,,,,,,2,
8. Historic I,1/7/2024,,,1,,,,,,,,,,,,,,,,,,,,,,,1,,,,,,,,,,,,,,,2,,,1,,,,,2,,,,,2,,,,,,,,,,,,
8. Historic I,01/21/2024,,,1,,,,,,,,,,,,,,,,,,,,,,,,,,,,,,,,,,,,,,1,,,,,,,,3,,,,,,,,,,,,,,,,,
8. Historic I,2/5/2024,,,1,,,,1,,,,,,,,,,,,,,,,,,,,,,,,,,,,,,,1,,,,,,,,,1,,4,,,,,1,,,,,,,,,,,,
8. Historic I,02/18/2024,1,,1,,,,,,,,,,,,,1,1,,,,,,,,,,,,,,,,,,,,,,,,,,,,,,,,1,,,,,,,,,,,,,,,,,
8. Historic I,03/04/2024,1,1,3,,,,1,,,,,,,1,,,,,2,,,,,1,,1,,,,,2,,,,,,,,1,,1,,,1,,,,,4,,,,,2,,,,,,,,,,,,
8. Historic I,03/18/2024,2,1,2,,,,,,,,,,,,,,1,,1,,,,,,,3,,,,,,,,,,,,,,,,,,,,,,,2,,,,,1,,,,,,,,,,,,
8. Historic I,4/7/2024,2,1,2,,,,,1,,,1,,1,1,16,,,,,,,,1,,,4,,,,,,1,,,,,,,,,1,,,1,,,,,1,,,,,2,,,,,,,1,,,,3,
8. Historic I,04/21/2024,1,,1,,,,,,,,2,,,,,,,,,,,,,,,1,,,,,,,,,,,,,,,1,,,,,,,,2,,,,,,,,,,,,1,,,,,
8. Historic I,5/8/2024,1,,3,,,,,,,,,,,1,,,1,,,,,,,,,1,,,,,1,,,,,,,,,,1,,,,,,,,3,,,,,,,,,,,,1,,,,,
8. Historic I,5/19/2024,1,1,3,,,,,,,,,,,,20,,1,,,,,,,,,4,,1,,,,,,,,,,,,,,,,,,,,,1,,,,,,,,,,,1,2,,,,,
8. Historic I,06/06/2024,,,2,,,,,,,,,,,,,,1,,,,,,1,,,2,,,,,,,,,,,,,,,,,,,,,,,2,,,,,,,,,,,,1,,,,,
8. Historic I,06/19/2024,,3,2,,,,,,,,,,,2,,,2,,,,,,,,,1,,,,,,,,,,,,,,,1,,,,,,1,,3,,,,,,,,,1,,,2,,,,,
8. Historic I,07/08/2024,,1,3,,,,,,,,,,,1,,,,1,,,,,,,,,,,,,1,,,,,,,,,,1,,,,,,,,2,,,1,,,,,,,,,,,,,,
8. Historic I,07/28/2024,,,1,,,,,,,,,,,,,,1,,,,,,,,,1,,,,,2,,,,,,,,,,2,,,,,,,,2,,,,,,,,,,,,1,,,,,
8. Historic I,08/01/2024,,,1,,,,,,,,,,,2,,,1,,,,,,,,,,,,,,1,,,,,,,,,,3,,,,,,,,3,,,,,,,,,,,,2,,,,,
8. Historic I,08/25/2024,,,2,,,,,,,,,,,1,,,1,,,,,,,,,,,,,,,,,,,,,1,,,1,,,,,,,,2,,,1,,,,,,,1,,,,,,,
8. Historic I,09/01/2024,,,2,,,1,,,,,,,,2,,,,1,,,,,,,,,,,,,,,,,,,,,,,,,,,,,,,2,,,,,,,,,,1,,,,,,,
8. Historic I,09/22/2024,,,1,,,,,,,,,,,1,,,,1,,,,,,,,2,,,,,,,,,,,,1,,,1,,,,,,,,2,,,2,,1,,,,,1,,,,,,,
8. Historic I,10/6/2024,,,1,,,,,,,,,,,,,,1,,,,,,,,,,,,,,1,,,,,,,,,,1,,,,,,,,2,,,,,,,,,,,,,,,,,
8. Historic I,10/20/2024,,,1,,,,,,,,,,,2,,,,,2,,2,,,1,,1,,,,,1,,,,,,,1,,,,,,2,,,,,3,,,,,,,,,,,,,,,,,
8. Historic I,11/3/2024,,,2,,,,,,,,,,,2,,,5,,,2,,,,1,,2,,,,,,,,,,,,,,1,3,,,1,,,,,2,,,,,1,,2,,,,,,,,,,
8. Historic I,11/14/2024,,1,2,,,,,,,,,,,1,,,1,1,3,2,,,,1,,,,1,,,,,,,,,,1,,,1,,,1,,,,,2,,,,,1,,,,,,,,,,,1,
8. Historic I,12/1/2024,,,,,,,,,,,,,,,,,,,,,,,,,,,,,,,,,,,,,,1,,,,,,1,,,,,,,,,,,,,,,,,,,,,,
8. Historic I,12/8/2024,,,1,,,,1,,,,,,,1,,,2,1,2,,,,,3,,,,,1,,,,,,,,,1,,,,,,2,,,,,1,,,,,1,,,,,,,,,,,3,
9. Historic II,1/7/2024,,,,,,,,,,,,,,,,,,,1,,,,,1,,,,,,,,,,,,,,1,,,,,,1,,,,,1,,,,,,,,,,,,,,,,,
9. Historic II,01/21/2024,,1,1,,,,,,,,,,,1,,,,,,,,,,1,,,,,,,,,,,,,,2,,,,,,,,,,,1,,,,,1,,,,,,,,,,,,
9. Historic II,2/5/2024,,,1,,,,,,,,,,,1,,,,,,,,,,1,,,,,,,,,,,,,,2,,,,,,1,,,,,2,,,,,1,,,,,,,,,,,,
9. Historic II,02/18/2024,1,1,,,,,,,,,,,,,,,,,,,,,,,,,,,,,,,,,,,,2,,,,,,,,,2,,1,,,,,,,,,,,,,,,,,
9. Historic II,03/04/2024,2,,1,,,,,,,,,,,,,,,,,,,,,,,,,,,,,,,,,,,3,,,1,,,1,,,,,3,,,,,,,,,,,,,,,,,
9. Historic II,03/18/2024,1,2,,,,,,,,,,,,1,,,,2,1,,,,,1,,2,,,,,,,,,,,,3,,,2,,,,,,,,1,,,,,,,,,,,,,,,,,
9. Historic II,4/7/2024,1,,1,,,,,,,,,,,,,,2,,1,,,,,,,2,,,,,,,,,,,,3,,,2,,,1,,1,,,3,,,1,,1,,1,,,,,1,,,,,
9. Historic II,04/21/2024,2,2,,,,,,,,,,,,2,,,,,1,,,,,,,2,,,,,,,,,,,,2,,,2,,,,,,,,1,,,2,,,,,,,,,1,,,,,
9. Historic II,5/8/2024,2,1,1,,,,,,,,,,1,1,,,1,,,,,,,,,2,,,,,,1,,,,,,2,,,,,,,,,,,1,,,1,,,,,,,,,2,,,,,
9. Historic II,5/19/2024,1,2,2,,,,,,,,,,,1,,,1,,,,,,,,,2,,,,,,,,,,,,2,,,,,,,,,,,1,,,1,,,,,,,,1,,,,,,
9. Historic II,06/06/2024,,,,,,,,,,,,,,,,,,,,,,,,,,1,,,,,,,,,,,,,,,,,,,,,,,1,,,,,,,,,,,,,,,,,
9. Historic II,06/19/2024,,,,,,,,,,,,,,,,1,,,,,,,,,,1,,,,,,,,,,,,2,,,1,,,,,,,,1,,,1,,,,,,,,,,,,,,
9. Historic II,07/08/2024,,,,,,,,,,,,,,,,,,,,,,,,,,1,,,,,3,,,,,,,1,,,,,,,,,,,,,,,,,,,,,,,,,,,,
9. Historic II,07/28/2024,,,1,,,,,,,,,,,,,,,,,,,,,,,1,,,,,,1,,,,,,1,,,,,,,,,,,2,,,,,,,,,,,,,,,,,
9. Historic II,08/01/2024,,,,,,,,,,,,,,1,,,1,,,,,,,,,,,,,,,,,,,,,,,,,,,,,,,,1,,,,,,,,,,,,,,,,,
9. Historic II,08/25/2024,,,2,,,,,,,,,,,1,,,1,1,,,,,,,,1,,,,,,,,,,,,1,,1,1,,,,,,,,2,,,,,,,,,,1,,,,,,,
9. Historic II,09/01/2024,,,,,,,,,,,,,,,,,,,,,,,,,,,,,,,,,,,,,,2,,,,,,,,,,,1,,,1,,,,,,,,,,,,,,
9. Historic II,09/22/2024,,1,,,,,,,,,,,,1,,,,,,,,,,,,,,,,,,,,,,,,2,,,1,,,,,,,,1,,,1,,,,,,,1,,,,,,,
9. Historic II,10/6/2024,,1,3,,,,1,,,,,,,1,,,1,,2,,,,,1,,,,,,,,,,,,,,2,,,,,,2,,,,,1,,,,,2,,,,,,,,,,,,
9. Historic II,10/20/2024,,,1,,,,,,,,,,,1,,,1,1,,,,,,,,,,,,,,,,,,,,1,,,1,,,1,,,,,2,,,,,,,,,,,1,,,,,,
9. Historic II,11/3/2024,,1,1,,,,,,,,,,,1,,,,,2,,,,,1,,,,,,,,,,,,,,3,,,,,,2,,,,,2,,,,,1,,2,,,,,,,,,1,
9. Historic II,11/14/2024,,,1,,,,,,,,,,,,,1,,,1,,,,,,,,,,,,,,,,,,,2,,,1,,,1,,,,,,,,,,,,,,,,,,,,,,
9. Historic II,12/1/2024,,,1,,,,,,,,,,,,,,,,,,,,,2,,,,,,,,,,,,,,2,,,,,,1,,,,,2,,,,,1,,1,,,,,,,,,,
9. Historic II,12/8/2024,,,2,,,,,,,,,,,1,,,,,2,,,,,,,1,,,,,,,,,,,,2,,,2,,,2,,,,,,,,,,,,,,,,,,,,,,